1,Walmart,Retail,"559,200",1.90%,"2,200,000","Bentonville, Arkansas"
2,Amazon,Retail,"386,064",20.50%,"1,225,300","Seattle, Washington"
3,Apple,Electronics industry,"274,515",2.00%,"137,000","Cupertino, California"
4,CVS Health,Healthcare,"268,706",32.00%,"290,000","Woonsocket, Rhode Island"
5,ExxonMobil,Petroleum industry,"264,938",8.70%,"74,900","Irving, Texas"
6,UnitedHealth Group,Healthcare,"257,141",7.00%,"325,000","Minnetonka, Minnesota"
7,Berkshire Hathaway,Conglomerate,"254,616",2.70%,"391,500","Omaha, Nebraska"
8,McKesson Corporation,Healthcare,"214,319",2.90%,"70,000","Irving, Texas"
9,AmerisourceBergen,Pharmaceutical industry,"189,900",6.90%,"21,500","Chesterbrook, Pennsylvania"
10,Alphabet ,Technology,"182,530",18.30%,"118,899","Mountain View, California"
11,AT&T,Conglomerate,"181,193",6.10%,"247,800","Dallas, Texas"
12,Cigna,Health Insurance,"160,400",215.70%,"73,700","Bloomfield, Connecticut"
13,Ford Motor Company,Automotive industry,"155,900",2.80%,"190,000","Dearborn, Michigan"
14,Costco,Retail,"152,703",7.90%,"201,500","Issaquah, Washington"
15,Chevron Corporation,Petroleum industry,"146,516",11.90%,"48,200","San Ramon, California"
16,Cardinal Health,Healthcare,"145,534",6.40%,"49,500","Dublin, Ohio"
17,Microsoft,Technology,"143,000",14.00%,"144,000","Redmond, Washington"
18,JPMorgan Chase,Financial services,"142,422",8.40%,"256,981","New York City, New York"
19,General Motors,Automotive,"137,237",6.70%,"164,000","Detroit, Michigan"
20,Walgreens Boots Alliance,Pharmaceutical industry,"136,866",4.10%,"287,000","Deerfield, Illinois"
21,Verizon Communications,Telecommunications,"131,868",0.80%,"135,000","New York City, New York"
22,Marathon Petroleum,Petroleum industry,"124,813",28.50%,"60,910","Findlay, Ohio"
23,Kroger,Retail,"122,286",0.90%,"435,000","Cincinnati, Ohio"
24,Fannie Mae,Financials,"120,304",0.20%,"7,500","Washington, D.C."
25,Bank of America,Financials,"113,589",2.70%,"208,131","Charlotte, North Carolina"
26,The Home Depot,Retail,"110,225",1.90%,"415,700","Atlanta, Georgia"
27,Phillips 66,Petroleum industry,"109,559",4.10%,"14,500","Houston, Texas"
28,Comcast,Telecommunications,"108,942",15.30%,"190,000","Philadelphia, Pennsylvania"
29,Anthem,Healthcare,"104,213",13.10%,"70,600","Indianapolis, Indiana"
30,Wells Fargo,Financials,"103,915",2.80%,"259,800","San Francisco, California"
31,Citigroup,Financials,"103,449",6.50%,"200,000","New York City, New York"
32,Valero Energy,Petroleum industry,"102,729",7.80%,"10,222","San Antonio, Texas"
33,General Electric,Conglomerate,"95,214",20.80%,"205,000","Boston, Massachusetts"
34,Dell Technologies,Technology,"92,154",1.70%,"165,000","Round Rock, Texas"
35,"Facebook, ",Technology,"85,970",26.60%,"44,942","Menlo Park, California"
36,Johnson & Johnson,Pharmaceutical industry,"82,059",0.60%,"132,200","New Brunswick, New Jersey"
37,State Farm,Financials,"79,395",2.90%,"57,672","Bloomington, Illinois"
38,Target Corporation,Retail,"78,112",3.70%,"368,000","Minneapolis, Minnesota"
39,Intel,Technology,"77,870",1.60%,"110,800","Santa Clara, California"
40,IBM,Technology,"77,147",3.10%,"383,800","Armonk, New York"
41,United Technologies,Conglomerate,"77,046",15.90%,"243,200","Waltham, Massachusetts"
42,Boeing,Aerospace and defense,"76,559",24.30%,"161,100","Chicago, Illinois"
43,Freddie Mac,Financials,"75,125",2.10%,"6,892","McLean, Virginia"
44,Centene,Healthcare,"74,639",24.20%,"56,600","St. Louis, Missouri"
45,United Parcel Service,Transportation,"74,094",3.10%,"377,640","Atlanta, Georgia"
46,Lowe's,Retail,"72,148",1.20%,"260,000","Mooresville, North Carolina"
47,Procter & Gamble,Consumer products Manufacturing,"70,950",1.30%,"99,000","Cincinnati, Ohio"
48,PepsiCo,Beverage,"70,370",3.70%,"267,000","Purchase, New York"
49,FedEx,Transportation,"69,693",6.50%,"389,500","Memphis, Tennessee"
50,MetLife,Financials,"69,620",2.50%,"49,000","New York City, New York"
51,The Walt Disney Company,Media,"69,570",17.10%,"223,000","Burbank, California"
52,Lockheed Martin,Aerospace and Defense,"65,400",11.30%,"114,000","Bethesda, Maryland"
53,Humana,Health Insurance,"64,888",14.00%,"46,000","Louisville, Kentucky"
54,Prudential Financial,Financials,"64,807",2.90%,"51,511","Newark, New Jersey"
55,Archer Daniels Midland,Food industry,"64,656",0.50%,"38,100","Chicago, Illinois"
56,Albertsons,Retail,"60,535",1.00%,"267,000","Boise, Idaho"
57,Sysco,Food Service,"60,114",2.40%,"69,000","Houston, Texas"
58,HP ,Technology,"58,756",0.50%,"56,000","Palo Alto, California"
59,Energy Transfer Partners,Petroleum industry,"54,213",0.40%,"12,812","Dallas, Texas"
60,Goldman Sachs,Financials,"53,922",2.70%,"38,300","New York City, New York"
61,Morgan Stanley,Financials,"53,823",7.20%,"60,431","New York City, New York"
62,Caterpillar ,Machinery,"53,800",1.70%,"102,300","Deerfield, Illinois"
63,Cisco,Telecom Hardware Manufacturing,"51,904",5.20%,"75,900","San Jose, California"
64,Pfizer,Pharmaceutical industry,"51,750",3.50%,"88,300","New York City, New York"
65,HCA Healthcare,Healthcare,"51,336",10.00%,"245,000","Nashville, Tennessee"
66,AIG,Insurance,"49,746",5.00%,"46,000","New York City, New York"
67,American Express,Financial,"47,020",8.60%,"64,500","New York City, New York"
68,Delta Air Lines,Airlines,"47,007",5.80%,"91,224","Atlanta, Georgia"
69,Merck & Co.,Pharmaceutical industry,"46,840",10.70%,"71,000","Kenilworth, New Jersey"
70,American Airlines,Airlines,"45,768",2.80%,"133,700","Fort Worth, Texas"
71,Charter Communications,Telecommunications,"45,764",4.90%,"95,100","Stamford, Connecticut"
72,Allstate,Insurance,"44,675",12.20%,"46,035","Northfield Township, Cook County, Illinois"
73,New York Life Insurance Company,Insurance,"44,117",1.60%,"11,519","New York City, New York"
74,Nationwide Mutual Insurance Company,Financial,"43,982",1.60%,"28,114","Columbus, Ohio"
75,Best Buy,Retail,"43,638",1.80%,"125,000","Richfield, Minnesota"
76,United Airlines Holdings,Airlines,"43,259",4.70%,"96,000","Chicago, Illinois"
77,Liberty Mutual Group,Insurance,"43,228",1.30%,"45,000","Boston, Massachusetts"
78,Dow Chemical Company,Chemical industry,"42,951",...,"36,500","Midland, Michigan"
79,Tyson Foods,Food Processing,"42,405",5.90%,"141,000","Springdale, Arkansas"
80,TJX,Retail,"41,717",7.00%,"286,000","Framingham, Massachusetts"
81,TIAA,Insurance,"40,454",1.50%,"16,533","New York City, New York"
82,Oracle Corporation,Software,"39,506",0.80%,"136,000","Austin, Texas"
83,General Dynamics,Airspace and defense,"39,350",8.70%,"102,900","Reston, Virginia"
84,John Deere,Agriculture manufacturing,"39,258",5.10%,"73,489","Moline, Illinois"
85,"Nike, ",Apparel,"39,117",7.50%,"76,700","Beaverton, Oregon"
86,Progressive Corporation,Insurance,"39,022",22.00%,"41,571","Mayfield Village, Ohio"
87,Publix,Retail,"38,463",5.70%,"207,000","Lakeland, Florida"
88,Coca-Cola Company,Beverages,"37,266",17.00%,"86,200","Atlanta, Georgia"
89,Massachusetts Mutual Life Insurance Company,Insurance,"37,253",5.10%,"9,896","Springfield, Massachusetts"
90,Tech Data,Information technology,"36,998",0.60%,"15,000","Clearwater, Florida"
91,World Fuel Services,Energy,"36,819",7.40%,"5,500","Miami, Florida"
92,Honeywell,Manufacturing,"36,709",12.20%,"113,000","Charlotte, North Carolina"
93,ConocoPhillips,Petroleum industry,"36,670",5.30%,"10,400","Houston, Texas"
94,USAA,Financials,"35,617",13.50%,"35,076","San Antonio, Texas"
95,Exelon,Electrical Power,"34,438",4.30%,"32,713","Chicago, Illinois"
96,Northrop Grumman,Aerospace and Defense,"33,841",12.40%,"90,000","West Falls Church, Virginia"
97,Capital One,Banking,"33,766",4.30%,"51,900","McLean, Virginia"
98,Plains All American Pipeline,Petroleum industry,"33,669",1.10%,"5,000","Houston, Texas"
99,AbbVie,Pharmaceutical industry,"33,266",1.60%,"30,000","Lake Bluff, Illinois"
100,StoneX Group ,Financials,"32,897",19.10%,"2,012","New York City, New York"
101,Enterprise Products,Petroleum industry,"32,789",10.30%,"7,300","Houston, Texas"
102,Northwestern Mutual,Insurance,"32,294",10.90%,"5,964","Milwaukee, Wisconsin"
103,3M,Manufacturing,"32,136",1.90%,"96,163","Maplewood, Minnesota"
104,Abbott Laboratories,Medical devices,"31,904",4.30%,"107,000","Chicago, Illinois"
105,CHS ,Agriculture cooperative,"31,901",2.40%,"10,703","Inver Grove Heights, Minnesota"
106,The Travelers Companies,Insurance,"31,581",4.30%,"30,800","Hartford, Connecticut"
107,"Tesla, ",Automotive,"31,536",14.50%,"48,016","Palo Alto, California"
108,Philip Morris International,Tobacco,"29,805",0.60%,"73,500","New York City, New York"
109,Raytheon Company,Airspace and defense,"29,176",7.80%,"70,000","Waltham, Massachusetts"
110,Hewlett Packard Enterprise,Technology,"29,135",5.60%,"61,600","Houston, Texas"
111,Arrow Electronics,Electronics,"28,917",2.60%,"19,300","Centennial, Colorado"
112,ViacomCBS,Media,"27,812",91.60%,"26,280","New York City, New York"
113,Dollar General,Retail,"27,754",8.30%,"143,000","Goodlettsville, Tennessee"
114,U.S. Bancorp,Banking,"27,325",6.00%,"69,651","Minneapolis, Minnesota"
115,Starbucks,Food Services,"26,509",7.20%,"346,000","Seattle, Washington"
116,Bristol-Myers Squibb,Pharmaceutical industry,"26,145",15.90%,"30,000","New York City, New York"
117,US Foods,Food distribution,"25,939",7.30%,"28,000","Rosemont, Illinois"
118,Mondelez International,Food processing,"25,868",0.30%,"80,000","Chicago, Illinois"
119,Paccar,Automotive,"25,600",9.00%,"27,000","Bellevue, Washington"
120,Thermo Fisher Scientific,Laboratory instruments,"25,542",4.90%,"75,000","Waltham, Massachusetts"
121,"Macy's, ",Retail,"25,331",1.60%,"123,000","Cincinnati, Ohio"
122,Jabil,Electronic Manufacturing Service,"25,282",14.40%,"200,000","St. Petersburg, Florida"
123,Kraft Heinz,Food processing,"24,977",4.90%,"37,000","Chicago, Illinois"
124,Duke Energy,Energy,"24,658",2.20%,"28,793","Charlotte, North Carolina"
125,PBF Energy,Petroleum industry,"24,508",9.90%,"3,442","Parsippany, New Jersey"
126,Qualcomm,Semiconductor,"24,273",7.40%,"37,000","San Diego, California"
127,NGL Energy Partners,Pipelines,"24,088",39.40%,"1,300","Tulsa, Oklahoma"
128,CBRE Group,Real estate,"23,894",12.00%,"100,000","Dallas, Texas"
129,Baker Hughes,Petroleum industry,"23,838",4.20%,"68,000","Houston, Texas"
130,Synnex,Information distribution,"23,757",18.50%,"240,900","Fremont, California"
131,Dollar Tree,Retail,"23,611",3.50%,"125,000","Chesapeake, Virginia"
132,Cummins,Automotive,"23,571",0.80%,"61,615","Columbus, Indiana"
133,United Natural Foods,Retail,"23,481",129.60%,"19,000","Providence, Rhode Island"
134,Micron Technology,Semiconductors,"23,406",23.00%,"37,000","Boise, Idaho"
135,Amgen,Biotechnology,"23,362",1.60%,"23,400","Thousand Oaks, California"
136,Penske Automotive Group,Transportation,"23,179",1.70%,"26,980","Bloomfield Hills, Michigan"
137,Visa ,Financial services,"22,977",11.50%,"19,500","Foster City, California"
138,Broadcom ,Semiconductor,"22,597",8.40%,"19,000","San Jose, California"
139,Nucor,Metals,"22,589",9.90%,"26,800","Charlotte, North Carolina"
140,Gilead Sciences,Pharmaceutical industry,"22,449",1.50%,"11,800","Foster City, California"
141,Southwest Airlines,Airlines,"22,428",2.10%,"60,767","Dallas, Texas"
142,Halliburton,Petroleum industry,"22,408",6.60%,"55,000","Houston, Texas"
143,CenturyLink,Telecommunication,"22,401",4.40%,"42,500","Monroe, Louisiana"
144,International Paper,Paper,"22,376",4.00%,"51,000","Memphis, Tennessee"
145,Eli Lilly and Company,Pharmaceutical industry,"22,320",9.10%,"33,625","Indianapolis, Indiana"
146,Aflac,Insurance,"22,307",2.50%,"11,729","Columbus, Georgia"
147,Lennar Corporation,Construction,"22,260",8.20%,"10,106","Miami, Florida"
148,Occidental Petroleum,Petroleum industry,"21,971",16.00%,"14,400","Houston, Texas"
149,Union Pacific Corporation,Transportation,"21,708",4.90%,"37,483","Omaha, Nebraska"
150,Rite Aid,Retail,"21,674",28.30%,"42,645","Camp Hill, Pennsylvania"
151,PNC Financial Services,Financial services,"21,624",8.20%,"50,968","Pittsburgh, Pennsylvania"
152,DuPont,Chemical industry,"21,512",75.00%,"35,000","Wilmington, Delaware"
153,Southern Company,Electric Utility,"21,419",8.80%,"27,943","Atlanta, Georgia"
154,AutoNation,Auto Retailer,"21,336",0.40%,"25,000","Fort Lauderdale, Florida"
155,DXC Technology,Information Technology,"21,184",13.70%,"130,000","Tysons, Virginia"
156,McDonald's,Food Chain,"21,077",0.20%,"205,000","Chicago, Illinois"
157,Marriott International,Hospitality,"20,972",1.00%,"174,000","Bethesda, Maryland"
158,ManpowerGroup,Human Resources,"20,864",5.10%,"28,000","Milwaukee, Wisconsin"
159,Bank of New York Mellon,Financial services,"20,822",8.40%,"48,400","New York City, New York"
160,Hartford Financial Services,Financial services,"20,740",4.60%,"19,500","Hartford, Connecticut"
161,Danaher Corporation,Life Science,"20,521",3.20%,"60,000","Washington, D.C."
162,Whirlpool Corporation,Commercial appliance,"20,419",2.90%,"77,000","Benton Charter Township, Michigan"
163,AECOM,Construction,"20,173",0.10%,"86,000","Los Angeles, California"
164,Netflix,Technology,"20,156",27.60%,"8,600","Los Gatos, California"
165,Kohl's,Retail,"19,974",1.30%,"79,500","Menomonee Falls, Wisconsin"
166,Lear Corporation,Automotive,"19,810",6.30%,"164,100","Southfield, Michigan"
167,Altria,Tobacco,"19,796",0.90%,"7,300","Richmond, Virginia"
168,Performance Food Group,Food Distribution,"19,744",12.10%,"18,000","Richmond, Virginia"
169,Avnet,Electronic distribution,"19,519",2.50%,"15,500","Phoenix, Arizona"
170,Synchrony Financial,Finance,"19,461",6.60%,"16,500","Stamford, Connecticut"
171,Genuine Parts Company,Auto parts,"19,392",3.50%,"55,000","Atlanta, Georgia"
172,NextEra Energy,Electric power,"19,204",14.80%,"14,800","Juno Beach, Florida"
173,CarMax,Retailer,"19,146",6.50%,"25,946","Richmond, Virginia"
174,Tenet Healthcare,Healthcare,"18,479",0.90%,"101,104","Dallas, Texas"
175,Kimberly-Clark,Consumer health,"18,450",0.20%,"40,000","Irving, Texas"
176,Emerson Electric,Electric equipment,"18,372",5.50%,"88,000","Ferguson, Missouri"
177,WestRock,Consumer packaging,"18,289",12.30%,"51,100","Atlanta, Georgia"
178,CDW,Information technology,"18,032",11.00%,"9,900","Lincolnshire, Illinois"
179,JLL,Real estate,"17,983",10.20%,"93,400","Chicago, Illinois"
180,Sherwin-Williams,Paints and Coatings,"17,901",2.10%,"61,111","Cleveland, Ohio"
181,Fluor Corporation,Construction,"17,817",7.00%,"53,349","Irving, Texas"
182,PayPal,Financial technology,"17,772",15.00%,"23,200","San Jose, California"
183,D. R. Horton,Construction,"17,593",9.50%,"8,916","Arlington, Texas"
184,HollyFrontier,Petroleum industry,"17,487",1.30%,"4,074","Dallas, Texas"
185,Tenneco,Auto parts,"17,450",48.30%,"78,000","Lake Forest, Illinois"
186,EOG Resources,Petroleum industry,"17,380",0.60%,"2,900","Houston, Texas"
187,"Becton, Dickinson and Company",Medical devices,"17,290",8.20%,"70,093","Franklin Lakes, New Jersey"
188,Lincoln National Corporation,Insurance,"17,258",5.10%,"11,357","Radnor, Pennsylvania"
189,Pacific Gas and Electric Company,Electric Utility,"17,129",2.20%,"23,000","San Francisco, California"
190,Salesforce,Technology,"17,098",28.90%,"17,098","San Francisco, California"
191,Mastercard,Financial Technology,"16,883",12.90%,"18,600","New York City, New York"
192,General Mills,Food processing,"16,865",7.10%,"40,000","Minneapolis, Minnesota"
193,Molina Healthcare,Healthcare,"16,829",10.90%,"10,000","Long Beach, California"
194,Cognizant,Information technology,"16,783",4.10%,"292,500","Teaneck, New Jersey"
195,Marsh & McLennan Companies,Insurance,"16,652",11.40%,"76,000","New York City, New York"
196,XPO Logistics,Logistics,"16,648",3.70%,"100,000","Greenwich, Connecticut"
197,Dominion Energy,Electric utility,"16,572",24.00%,"19,100","Richmond, Virginia"
198,Western Digital,Computer hardware,"16,569",19.80%,"61,800","San Diego, California"
199,Gap ,Retail,"16,383",1.20%,"129,000","San Francisco, California"
200,Aramark,Food service,"16,227",2.80%,"233,400","Philadelphia, Pennsylvania"
201,Principal Financial Group,Financials,"16,222",13.90%,"17,601","Des Moines, Iowa,"
202,Ross Stores,Retail,"16,039",7.00%,"92,500","Dublin, California"
203,Colgate-Palmolive,Consumer goods,"15,693",1.00%,"34,300","New York City, New York"
204,American Electric Power,Electric utility,"15,561",3.90%,"17,408","Columbus, Ohio"
205,Nordstrom,Retail,"15,524",2.10%,"75,000","Seattle, Washington"
206,Jacobs Engineering Group,Construction,"15,464",3.20%,"50,000","Dallas, Texas"
207,Waste Management,Waste service,"15,455",3.60%,"44,900","Houston, Texas"
208,C. H. Robinson,Logistics,"15,310",7.90%,"15,427","Eden Prairie, Minnesota"
209,PPG Industries,Chemical industry,"15,146",1.50%,"47,600","Pittsburgh, Pennsylvania"
210,Booking Holdings,Travel Technology,"15,066",3.70%,"26,400","Norwalk, Connecticut"
211,Omnicom Group,Advertising,"14,954",2.20%,"70,000","New York City, New York"
212,Loews Corporation,Insurance,"14,931",6.50%,"18,605","New York City, New York"
213,Ecolab,Chemical industry,"14,906",1.60%,"50,200","St. Paul, Minnesota"
214,Stryker Corporation,Medical devices,"14,884",9.40%,"40,000","Kalamazoo, Michigan"
215,Estée Lauder Companies,Cosmetics,"14,863",8.60%,"48,000","New York City, New York"
216,Goodyear Tire and Rubber Company,Manufacturing,"14,745",4.70%,"63,000","Akron, Ohio"
217,Truist Financial,Financials,"14,664",12.80%,"59,000","Charlotte, North Carolina"
218,Applied Materials,Semiconductor,"14,608",15.30%,"22,000","Santa Clara, California"
219,BlackRock,Financials,"14,539",2.40%,"16,200","New York City, New York"
220,Stanley Black & Decker,Hardware,"14,442",3.30%,"59,438","New Britain, Connecticut"
221,Freeport-McMoRan,Metals and Mining,"14,402",22.70%,"27,500","Phoenix, Arizona"
222,Texas Instruments,Semiconductor,"14,383",8.90%,"29,768","Dallas, Texas"
223,Biogen,Biotechnology,"14,378",6.90%,"7,400","Cambridge, Massachusetts"
224,Parker Hannifin,Manufacturing,"14,320",0.10%,"55,610","Cleveland, Ohio"
225,Reinsurance Group of America,Insurance,"14,300",11.10%,"3,188","Chesterfield, Missouri"
226,Howmet Aerospace,Aerospace and defense,"14,192",1.30%,"41,700","Pittsburgh, Pennsylvania"
227,ADP,Business services,"14,175",6.40%,"58,000","Minneapolis, Minnesota"
228,Uber,Technology,"14,147",25.50%,"26,900","San Francisco, California"
229,Illinois Tool Works,Manufacturing,"14,109",4.50%,"45,000","Glenview, Illinois"
230,DaVita ,Healthcare,"14,102",13.90%,"65,000","Denver, Colorado"
231,Discover Financial,Financial Service,"13,989",8.90%,"17,200","Chicago, Illinois"
232,Land O'Lakes,Agriculture,"13,888",7.00%,"8,000","Arden Hills, Minnesota"
233,VF Corporation,Apparel,"13,871",7.80%,"75,000","Denver, Colorado"
234,Corteva,Food production,"13,846",6.90%,"21,000","Wilmington, Delaware"
235,Las Vegas Sands,Hospitality,"13,739",0.10%,"50,000","Paradise, Nevada"
236,Textron,Aerospace and defense,"13,630",2.40%,"35,000","Providence, Rhode Island"
237,Kellogg's,Food processing,"13,578",0.20%,"31,000","Battle Creek, Michigan"
238,Guardian Life Insurance Company of America,Insurance,"13,477",3.50%,"9,032","New York City, New York"
239,Qurate Retail Group,Media,"13,458",4.30%,"25,314","Englewood, Colorado"
240,Core-Mark,Food distribution,"13,329",3.30%,"8,555","Westlake, Texas"
241,Community Health Systems,Healthcare,"13,210",6.70%,"71,500","Franklin, Tennessee"
242,Kinder Morgan,Petroleum industry,"13,209",6.60%,"11,086","Houston, Texas"
243,BJ's Wholesale Club,Retail,"13,191",1.40%,"27,231","Westborough, Massachusetts"
244,State Street Corporation,Financials,"13,131",1.20%,"39,103","Boston, Massachusetts"
245,Ameriprise Financial,Finance,"13,103",1.40%,"12,500","Minneapolis, Minnesota"
246,Global Partners,Energy supply,"13,082",3.20%,"3,860","Waltham, Massachusetts"
247,U.S. Steel,Steel,"12,937",8.80%,"27,500","Pittsburgh, Pennsylvania"
248,L Brands,Retail,"12,914",2.40%,"59,950","Columbus, Ohio"
249,MGM Resorts International,Hospitality,"12,900",9.70%,"72,000","Las Vegas, Nevada"
250,L3Harris Technologies,Aerospace and defense,"12,856",108.00%,"50,000","Melbourne, Florida"
251,Dish Network,Telecommunications,"12,808",6.00%,"16,000","Englewood, Colorado"
252,Lithia Motors,Auto retailer,"12,673",7.20%,"14,320","Medford, Oregon"
253,DTE Energy,Energy utilities,"12,669",10.90%,"10,700","Detroit, Michigan"
254,American Family Insurance,Insurance,"12,633",22.20%,"13,531","Madison, Wisconsin"
255,Farmers Insurance Group,Insurance,"12,593",8.10%,"10,980","San Diego, California"
256,Consolidated Edison,Energy utilities,"12,574",1.90%,"14,890","New York City, New York"
257,LKQ Corporation,Auto parts,"12,506",5.30%,"51,000","Chicago, Illinois"
258,Sempra Energy,Energy utilities,"12,443",6.50%,"13,969","San Diego, California"
259,Edison International,Energy utilities,"12,347",2.40%,"12,937","Rosemead, California"
260,CenterPoint Energy,Energy utilities,"12,301",16.20%,"14,262","Houston, Texas"
261,Quanta Services,Engineering,"12,112",8.40%,"40,300","Houston, Texas"
262,Murphy USA,Petroleum industry,"12,101",3.40%,"7,250","El Dorado, Arkansas"
263,Expedia Group,Technology,"12,067",7.50%,"25,400","Seattle, Washington"
264,Group 1 Automotive,Auto retailer,"12,044",3.80%,"15,296","Houston, Texas"
265,Bed Bath & Beyond,Retail,"12,029",2.60%,"62,000","Springfield, New Jersey"
266,Unum,Insurance,"11,999",3.50%,"10,300","Chattanooga, Tennessee"
267,CSX Corporation,Rail transportation,"11,937",2.60%,"20,908","Jacksonville, Florida"
268,AutoZone,Auto retailer,"11,864",5.70%,"75,840","Memphis, Tennessee"
269,Pacific Life,Insurance,"11,847",10.70%,"3,815","San Diego, California"
270,Vistra Energy,Energy,"11,809",29.10%,"5,475","Irving, Texas"
271,Charles Schwab Corporation,Financials,"11,785",7.20%,"19,700","Westlake, Texas"
272,Crown Holdings,Packaging,"11,665",4.60%,"33,043","Philadelphia, Pennsylvania"
273,Ally Financial,Financials,"11,618",11.00%,"8,700","Detroit, Michigan"
274,LabCorp,Healthcare,"11,555",2.00%,"65,000","Burlington, North Carolina"
275,Live Nation Entertainment,Entertainment,"11,548",7.00%,"18,200","Beverly Hills, California"
276,Xcel Energy,Energy utilities,"11,529",0.10%,"11,295","Minneapolis, Minnesota"
277,Corning ,Manufacturing,"11,503",1.90%,"49,500","Corning, New York"
278,W. W. Grainger,Industrial supply,"11,486",2.40%,"24,550","Chicago, Illinois"
279,Ball Corporation,Packaging,"11,474",1.40%,"18,300","Broomfield, Colorado"
280,Fox Corporation,Media,"11,389",...,"7,700","New York City, New York"
281,Universal Health Services,Healthcare,"11,378",5.60%,"79,050","King of Prussia, Pennsylvania"
282,Baxter International,Medical devices,"11,362",2.40%,"50,000","Chicago, Illinois"
283,Norfolk Southern Corp,Transportation,"11,296",1.40%,"24,587","Norfolk, Virginia"
284,Navistar International,Automotive,"11,251",9.80%,"12,300","Lisle, Illinois"
285,Adobe ,Technology,"11,171",23.70%,"22,634","San Jose, California"
286,J.C. Penney,Retail,"11,167",7.10%,"90,000","Plano, Texas"
287,"Discovery, ",Media,"11,144",5.60%,"9,200","Silver Spring, Maryland"
288,Keurig Dr Pepper,Food processing,"11,120",49.40%,"25,500","Burlington, Massachusetts"
289,Leidos,Defense engineering,"11,094",8.80%,"34,000","Reston, Virginia"
290,IQVIA,Healthcare,"11,088",6.50%,"67,000","Durham, North Carolina"
291,Reliance Steel & Aluminum Co.,Steel,"10,974",4.90%,"15,300","Los Angeles, California"
292,Nvidia,Semiconductors,"10,918",6.80%,"13,775","Santa Clara, California"
293,Entergy Corp,Energy Utility,"10,879",1.20%,"13,635","New Orleans, Louisiana"
294,FirstEnergy,Electric Utility,"10,850",8.50%,"12,316","Akron, Ohio"
295,eBay,Retail,"10,800",0.50%,"13,300","San Jose, California"
296,Boston Scientific,Medical devices,"10,735",9.30%,"36,000","Marlborough, Massachusetts"
297,Office Depot,Office retail,"10,647",4.30%,"40,000","Boca Raton, Florida"
298,Molson Coors Beverage Company,Beverages,"10,579",1.80%,"17,700","Chicago, Illinois"
299,Steel Dynamics,Steel manufacturing,"10,465",11.50%,"8,385","Fort Wayne, Indiana"
300,Mutual of Omaha,Financial Service,"10,456",11.90%,"6,072","Omaha, Nebraska"
301,Sonic Automotive,Auto retailer,"10,454",5.10%,"9,300","Charlotte, North Carolina"
302,Alcoa,Manufacturing,"10,433",22.20%,"13,800","Pittsburgh, Pennsylvania"
303,FIS,Financial Technology,"10,333",22.70%,"55,000","Jacksonville, Florida"
304,Henry Schein,Healthcare,"10,305",21.90%,"19,000","New York City, New York"
305,Republic Services,Waste management,"10,299",2.60%,"36,000","Phoenix, Arizona"
306,Liberty Media,Media,"10,292",28.00%,"6,753","Englewood, Colorado"
307,Kiewit Corporation,Construction,"10,283",13.90%,"23,000","Omaha, Nebraska"
308,Interpublic Group of Companies,Advertising,"10,221",5.20%,"54,300","New York City, New York"
309,PulteGroup,Construction,"10,213",0.20%,"5,245","Atlanta, Georgia"
310,AES Corporation,Electric utility,"10,189",5.10%,"8,000","Arlington, Virginia"
311,Fiserv,Financials,"10,187",74.90%,"44,000","Brookfield, Wisconsin,"
312,BorgWarner,Automotive,"10,168",3.40%,"29,000","Auburn Hills, Michigan"
313,Oneok,Petroleum industry,"10,164",19.30%,"2,882","Tulsa, Oklahoma"
314,O'Reilly Auto Parts,Auto retailer,"10,150",6.40%,"67,663","Springfield, Missouri"
315,Assurant,Insurance,"10,087",25.20%,"13,900","New York City, New York"
316,Newell Brands,Consumer goods,"10,083",22.60%,"30,000","Atlanta, Georgia"
317,Public Service Enterprise Group,Utilities,"10,076",3.90%,"12,992","Newark, New Jersey"
318,News Corp,Media,"10,074",11.60%,"28,000","New York City, New York"
319,Calpine,Energy,"10,072",5.90%,"2,256","Houston, Texas"
320,Auto-Owners Insurance,Insurance,"10,007",25.10%,"6,141","Lansing, Michigan"
321,Mohawk Industries,Manufacturing,"9,971",0.10%,"41,800","Calhoun, Georgia"
322,Campbell Soup Company,Food processing,"9,909",14.10%,"19,000","Camden, New Jersey"
323,PVH,Apparel,"9,909",2.60%,"30,750","New York City, New York"
324,NRG Energy,Energy,"9,871",8.60%,"4,577","Princeton, New Jersey"
325,Fifth Third Bank,Financials,"9,790",22.80%,"19,869","Cincinnati, Ohio"
326,Hertz Corporation,Auto retailer,"9,779",2.90%,"38,000","Estero, Florida"
327,Altice USA,Telecommunications,"9,761",2.00%,"10,700","New York City, New York"
328,Newmont Corporation,Mining,"9,740",34.30%,"16,600","Greenwood Village, Colorado"
329,Cheniere Energy,Energy,"9,730",21.80%,"1,530","Houston, Texas"
330,Advance Auto Parts,Auto retailer,"9,709",1.30%,"53,000","Raleigh, North Carolina"
331,Lam Research,Semiconductor,"9,654",12.90%,"10,700","Fremont, California"
332,Owens & Minor,Healthcare,"9,650",1.90%,"15,400","Mechanicsville, Virginia"
333,Equitable Holdings,Insurance,"9,591",20.60%,"10,100","New York City, New York"
334,Conagra Brands,Food processing,"9,538",20.20%,"18,000","Chicago, Illinois"
335,Markel Corporation,Insurance,"9,526",39.20%,"18,600","Tysons Corner, Virginia"
336,Edward Jones Investments,Financials,"9,526",10.80%,"49,000","St Louis, Missouri"
337,Hormel,Food processing,"9,497",0.50%,"18,800","Austin, Minnesota"
338,Hilton Worldwide,Hospitality,"9,452",6.10%,"173,000","Tysons Corner, Virginia"
339,Univar Solutions,Chemical industry,"9,444",9.40%,"10,300","Chicago, Illinois"
340,United Rentals,Rental equipment,"9,351",16.20%,"19,100","Stamford, Connecticut"
341,Pioneer Natural Resources,Petroleum industry,"9,304",1.20%,"2,323","Irving, Texas"
342,Delek US,Petroleum industry,"9,298",9.40%,"3,707","Brentwood, Tennessee"
343,Eastman Chemical Company,Chemical industry,"9,273",8.60%,"14,500","Kingsport, Tennessee"
344,Emcor,Engineering,"9,175",12.80%,"36,000","Norwalk, Connecticut"
345,Avis Budget Group,Car rental,"9,172",0.50%,"25,600","Parsippany, New Jersey"
346,J. B. Hunt,Transportation,"9,165",6.40%,"29,056","Lowell, Arkansas"
347,Xerox,Technology,"9,145",7.00%,"27,000","Norwalk, Connecticut"
348,Wayfair,Retail,"9,127",34.60%,"16,985","Boston, Massachusetts"
349,Kohlberg Kravis Roberts,Financials,"9,120",74.60%,"1,384","New York City, New York"
350,AGCO,Agricultural equipment,"9,041",3.30%,"20,961","Duluth, Georgia"
351,Alleghany Corporation,Insurance,"9,041",31.30%,"10,786","New York City, New York"
352,Icahn Enterprises,Conglomerate,"8,992",52.60%,"28,033","New York City, New York"
353,Voya Financial,Financials,"8,942",0.10%,"6,000","New York City, New York"
354,Ryder,Transportation,"8,926",6.10%,"39,900","Miami, Florida"
355,Air Products & Chemicals,Chemical industry,"8,919",0.10%,"17,570","Allentown, Pennsylvania"
356,The Mosaic Company,Fertilizer,"8,906",7.10%,"12,600","Tampa, Florida"
357,Huntington Ingalls Industries,Defense industry,"8,899",8.80%,"42,000","Newport News, Virginia"
358,Berry Global,Packaging,"8,878",12.80%,"48,000","Evansville, Indiana"
359,Anixter,Distribution,"8,846",5.30%,"9,400","Glenview, IL"
360,Alaska Air Group,Airlines,"8,781",6.30%,"24,134","SeaTac, Washington"
361,Yum China,Food chain,"8,776",4.30%,"450,500","Plano, Texas"
362,Dick's Sporting Goods,Retail,"8,751",3.70%,"28,450","Coraopolis, Pennsylvania"
363,Caesars Entertainment,Casinos and Resorts,"8,742",4.20%,"64,000","Reno, Nevada"
364,Genworth Financial,Financials,"8,681",3.00%,"3,100","Richmond, Virginia"
365,Targa Resources,Petroleum industry,"8,671",17.30%,"2,680","Houston, Texas"
366,"Coty, ",Cosmetics,"8,649",8.00%,"19,000","New York City, New York"
367,Dana Incorporated,Automotive,"8,620",5.90%,"36,300","Maumee, Ohio"
368,Thrivent Financial,Insurance,"8,612",0.30%,"3,235","Minneapolis, Minnesota"
369,Autoliv,Automotive,"8,548",12.80%,"61,957","Auburn Hills, Michigan"
370,SpartanNash,Food distribution,"8,536",5.80%,"13,800","Byron Center, Michigan"
371,Eversource Energy,Electric Utility,"8,527",0.90%,"8,234","Boston, Massachusetts"
372,Darden Restaurants,Restaurants,"8,510",5.30%,"184,514","Orlando, Florida,"
373,Chesapeake Energy,Petroleum industry,"8,489",17.00%,"2,300","Oklahoma City, Oklahoma"
374,NOV ,Petroleum industry,"8,479",0.30%,"34,645","Houston, Texas"
375,Fidelity National Financial,Financials,"8,469",11.50%,"23,484","Jacksonville, Florida"
376,Erie Insurance Group,Insurance,"8,443",5.10%,"5,778","Erie, Pennsylvania"
377,Oshkosh Corporation,Automotive,"8,382",8.80%,"15,400","Oshkosh, Wisconsin"
378,Casey's General Stores,Retail,"8,365",11.90%,"26,866","Ankeny, Iowa"
379,WESCO International,Distribution,"8,359",2.20%,"9,500","Pittsburgh, Pennsylvania"
380,Tractor Supply Company,Retail,"8,352",5.60%,"24,000","Brentwood, Tennessee"
381,CommScope,Telecommunications,"8,345",82.70%,"30,000","Hickory, North Carolina"
382,Huntsman Corporation,Chemical industry,"8,342",27.60%,"10,000","The Woodlands, Texas"
383,American Financial Group,Financials,"8,237",15.20%,"7,700","Cincinnati, Ohio"
384,Masco,Distribution,"8,235",1.50%,"22,000","Livonia, Michigan"
385,Sanmina Corporation,Electronic manufacturing service,"8,234",15.80%,"38,500","San Jose, California"
386,Amphenol,Cables manufacturing,"8,225",0.30%,"74,000","Wallingford, Connecticut"
387,Williams Companies,Petroleum industry,"8,201",5.60%,"4,812","Tulsa, Oklahoma"
388,Westinghouse Air Brake Company,Machinery,"8,200",87.90%,"27,500","Pittsburgh, Pennsylvania"
389,Expeditors International,Transportation,"8,175",0.50%,"18,000","Seattle, Washington"
390,The Andersons,Food production,"8,170",168.30%,"2,284","Maumee, Ohio"
391,Westlake Chemical,Chemical industry,"8,118",6.00%,"9,430","Houston, Texas"
392,Constellation Brands,Beverages,"8,116",7.00%,"9,800","Victor, New York"
393,Frontier Communications,Telecommunications,"8,107",5.90%,"18,317","Norwalk, Connecticut"
394,JetBlue,Airlines,"8,094",5.70%,"19,032","New York City, New York"
395,Citizens Financial Group,Financials,"8,066",9.70%,"17,997","Providence, Rhode Island,"
396,Raymond James Financial,Financials,"8,023",7.30%,"14,200","St. Petersburg, Florida"
397,Foot Locker,Sports retailer,"8,005",0.80%,"33,294","New York City, New York"
398,The Hershey Company,Food processing,"7,986",2.50%,"15,330","Hershey, Pennsylvania"
399,Zimmer Biomet,Manufacturing,"7,982",0.60%,"19,900","Warsaw, Indiana,"
400,Cincinnati Financial,Financials,"7,924",46.50%,"5,200","Cincinnati, Ohio"
401,Western & Southern Financial Group,Insurance,"7,921",9.90%,"2,787","Cincinnati, Ohio"
402,W. R. Berkley,Insurance,"7,902",2.70%,"7,493","Greenwich, Connecticut"
403,Motorola Solutions,Manufacturing,"7,887",7.40%,"17,000","Chicago, Illinois"
404,Thor Industries,Manufacturing,"7,865",5.60%,"21,750","Elkhart, Indiana,"
405,Regeneron Pharmaceuticals,Pharmaceutical industry,"7,863",12.70%,"8,100","Victor, New York"
406,Spirit AeroSystems,Aerospace,"7,863",8.90%,"18,200","Wichita, Kansas,"
407,The J.M. Smucker Company,Food processing,"7,838",6.50%,"7,400","Orrville, Ohio"
408,PPL Corporation,Electric utility,"7,769",0.20%,"12,280","Allentown, Pennsylvania"
409,Insight Enterprises,Information technology,"7,731",9.20%,"11,261","Tempe, Arizona"
410,Quest Diagnostics,Diagnostics,"7,726",2.60%,"47,000","Secaucus, New Jersey"
411,KeyBank,Banking,"7,694",4.10%,"17,045","Cleveland, Ohio"
412,Veritiv,Paper and Packaging,"7,659",11.90%,"8,000","Atlanta, Georgia"
413,DCP Midstream Partners,Petroleum industry,"7,625",22.40%,"2,250","Denver, Colorado"
414,American Tower,Communications,"7,580",1.90%,"5,454","Boston, Massachusetts"
415,Graybar,Electrical equipment,"7,524",4.50%,"9,000","Clayton, Missouri"
416,WEC Energy Group,Electric Utility,"7,523",2.00%,"7,509","Milwaukee, Wisconsin"
417,"NVR, ",Construction,"7,428",3.30%,"5,700","Irvine, California"
418,Ulta Beauty,Cosmetics,"7,398",10.10%,"31,000","Bolingbrook, Illinois"
419,Devon Energy,Petroleum industry,"7,372",31.30%,"1,800",Oklahoma City
420,The Blackstone Group,Financials,"7,338",7.40%,"2,905","New York City, New York"
421,Dean Foods,Food Processing,"7,329",5.50%,"14,500","Dallas, Texas,"
422,Fortive,Machinery,"7,326",1.70%,"25,000","Everett, Washington"
423,UGI Corporation,Energy,"7,320",4.30%,"12,800","King of Prussia, Pennsylvania"
424,Burlington,Retail,"7,286",9.30%,"47,000","Burlington, New Jersey"
425,Builders FirstSource,Building materials,"7,280",5.80%,"15,800","Dallas, Texas,"
426,Toll Brothers,Construction,"7,224",1.10%,"5,100","Horsham, Pennsylvania"
427,Old Republic International,Insurance,"7,214",19.80%,"9,000","Chicago, Illinois"
428,Asbury Automotive Group,Auto retailer,"7,210",4.90%,"8,500","Duluth, Georgia"
429,Arthur J. Gallagher & Co.,Insurance,"7,195",3.80%,"33,247","Meadows, Illinois"
430,MasTec,Engineering construction,"7,183",4.00%,"21,000","Coral Gables, Florida"
431,Owens Corning,Manufacturing,"7,160",1.50%,"19,000","Toledo, Ohio"
432,Magellan Health,Healthcare,"7,159",2.10%,"10,100","Phoenix, Arizona"
433,Dover Corporation,Manufacturing,"7,136",3.50%,"24,000","Chicago, Illinois"
434,Beacon Building Products,Building materials,"7,105",10.70%,"8,147","Herndon, Virginia,"
435,Avery Dennison,Packaging,"7,070",1.20%,"30,000","Glendale, California"
436,Hanesbrands,Clothing,"6,967",2.40%,"63,000","Winston-Salem, North Carolina"
437,Packaging Corporation of America,Manufacturing,"6,964",0.70%,"15,500","Chicago, Illinois"
438,M&T Bank,Financials,"6,941",7.50%,"17,386","Buffalo, New York"
439,NCR Corporation,Technology,"6,915",8.00%,"36,000","Atlanta, Georgia"
440,Northern Trust,Financials,"6,895",3.50%,"19,800","Chicago, Illinois"
441,Cintas,Manufacturing service,"6,892",6.20%,"45,000","Cincinnati, Ohio"
442,Polaris ,Manufacturing,"6,863",11.30%,"14,000","Medina, Minnesota"
443,CMS Energy,Electric Utility,"6,845",0.40%,"8,459","Jackson, Michigan"
444,Seaboard Corporation,Food production,"6,840",3.90%,"13,100","Merriam, Kansas"
445,Intuit,Technology,"6,784",13.70%,"9,400","Mountain View, California"
446,Regions Financial Corporation,Financials,"6,755",0.10%,"19,564","Birmingham, Alabama"
447,FM Global,Insurance,"6,743",24.20%,"5,591","Johnston, Rhode Island"
448,Advanced Micro Devices,Semiconductor,"6,731",4.00%,"11,400","Santa Clara, California"
449,Ovintiv,Petroleum industry,"6,726",13.30%,"2,571","Denver, Colorado"
450,Booz Allen Hamilton,Information technology,"6,704",8.60%,"26,100","McLean, Virginia"
451,S&P Global,Financials,"6,699",7.00%,"22,500","New York City, New York"
452,Rockwell Automation,Electrical equipment,"6,695",0.40%,"23,000","Milwaukee, Wisconsin"
453,O-I Glass,Manufacturing,"6,691",2.70%,"27,500","Perrysburg, Ohio"
454,Wynn Resorts,Hospitality,"6,611",1.60%,"30,200","Paradise, Nevada"
455,Securian Financial Group,Insurance,"6,601",20.10%,"6,400","Minneapolis, Minnesota"
456,Alliance Data,Technology,"6,581",15.50%,"8,500","Columbus, Ohio"
457,Brighthouse Financial,Financials,"6,554",26.90%,"1,330","Charlotte, North Carolina"
457,Weyerhaeuser,Forest and Paper Products,"6,554",12.30%,"9,400","Seattle, Washington"
459,Intercontinental Exchange,Financial,"6,547",4.30%,"5,989","Atlanta, Georgia"
460,American Axle,Automotive,"6,531",10.20%,"20,000","Detroit, Michigan"
461,Hess Corporation,Petroleum industry,"6,510",0.70%,"1,775","New York City, New York"
462,ABM Industries,Facility Services,"6,499",0.90%,"140,000","New York City, New York"
463,Activision Blizzard,Video games,"6,489",13.50%,"9,200","Santa Monica, California"
464,GameStop,Retail,"6,466",26.90%,"30,000","Dallas, Texas,"
465,APA Corporation,Petroleum industry,"6,411",13.60%,"3,163","Houston, Texas"
466,Science Applications International Corporation,Information Technology Services,"6,379",36.90%,"24,311","Reston, Virginia"
467,AK Steel Holding,Metals,"6,359",6.70%,"9,300","West Chester, Ohio"
468,Dillard's,Retail,"6,343",2.50%,"30,400","Little Rock, Arkansas"
469,Ralph Lauren Corporation,Fashion,"6,313",2.10%,"18,650","New York City, New York"
470,Celanese,Chemical industry,"6,297",12.00%,"7,714","Irving, Texas"
471,RR Donnelley,Printing,"6,276",7.70%,"36,400","Chicago, Illinois"
472,Zoetis,Pharmaceutical industry,"6,260",7.50%,"10,600","Parsippany, New Jersey"
473,Ascena Retail Group,Retail,"6,243",5.10%,"33,000","Mahwah, New Jersey"
474,Clorox,Household products,"6,214",1.50%,"8,800","Oakland, California"
475,Ingredion,Food Processing,"6,209",6.30%,"11,000","Westchester, Illinois"
476,First American Financial,Insurance,"6,202",7.90%,"18,412","Santa Ana, California"
477,Graphic Packaging,Packaging,"6,160",2.30%,"18,000",Atlanta Georgia
478,HD Supply,Retail,"6,146",1.60%,"11,500",Atlanta Georgia
479,NetApp,Technology,"6,146",4.00%,"10,500","Sunnyvale, California"
480,TravelCenters of America,Retail,"6,117",12.30%,"18,594","Westlake, Ohio"
481,Olin Corporation,Chemical industry,"6,110",12.00%,"6,500","Clayton, Missouri"
482,Robert Half International,Professional services,"6,074",4.70%,"16,000","Menlo Park, California"
483,EnLink Midstream,Pipelines,"6,053",21.40%,"1,355","Dallas, Texas"
484,Avantor,Manufacturing,"6,040",3.00%,"12,000","Radnor, Pennsylvania"
485,"Tapestry, ",Apparel,"6,027",2.50%,"17,400","New York City, New York"
486,TD Ameritrade,Online broker,"6,016",10.30%,"9,226","Omaha, Nebraska"
487,Analog Devices,Manufacturing,"5,991",3.40%,"16,400","Greeley, Colorado"
488,Ameren,Electric utility,"5,910",6.10%,"9,323","St. Louis, Missouri"
489,"Williams-Sonoma, ",Retail,"5,898",4.00%,"19,300","San Francisco, California"
490,Realogy,Real estate,"5,870",3.40%,"10,150","Madison, New Jersey"
491,Commercial Metals Company,Metals,"5,829",17.80%,"11,524","Irving, Texas"
492,Rush Enterprises,Auto retailer,"5,810",5.50%,"7,244","New Braunfels, Texas"
493,Franklin Templeton Investments,Financials,"5,775",8.60%,"9,597","San Mateo, California"
494,Fortune Brands Home & Security,Manufacturing,"5,765",5.10%,"24,700","Deerfield, Illinois"
495,Levi Strauss & Co.,Apparel,"5,763",3.40%,"15,800","San Francisco, California"
496,Crown Castle,Real estate,"5,763",7.30%,"5,100","Houston, Texas"
497,Simon Property Group,Real estate,"5,755",1.70%,"3,750","Indianapolis, Indiana"
498,Cerner,Healthcare,"5,693",6.10%,"27,400","North Kansas City, Missouri"
499,Post Holdings,Food processing,"5,681",9.20%,"10,100","St. Louis, Missouri"
500,Huntington Bancshares,Financials,"5,655",7.30%,"15,664","Columbus, Ohio"